{"global_step": 3872000, "_timestamp": 1710511162.5490634, "env_stats/badge": 0.0, "env_stats/coord_count": 753.8181762695312, "env_stats/deaths": 0.3636363744735718, "env_stats/event": 14.727272987365723, "env_stats/healr": 0.0, "env_stats/hp": 0.6818181872367859, "env_stats/levels_sum": 6.454545497894287, "env_stats/map": 30.272727966308594, "env_stats/max_map_progress": 3.7272727489471436, "env_stats/pcount": 1.1818181276321411, "env_stats/step": 21998.0, "env_stats/x": 18.909090042114258, "env_stats/y": 8.545454978942871, "time/fps": 1510.0, "trajectory_image": {"_type": "images/separated", "width": 880, "height": 72, "format": "png", "count": 1, "filenames": ["media/images/trajectory_image_15_e418d92a3e3bdf68ba7f.png"]}, "_runtime": 2564.5604615211487, "_step": 15, "train/approx_kl": 0.01584007404744625, "train/clip_fraction": 0.15538185834884644, "train/clip_range": 0.20000000298023224, "train/entropy_loss": -1.5797348022460938, "train/explained_variance": 0.9437417984008789, "train/learning_rate": 0.0003000000142492354, "train/loss": -4.554353654384613e-05, "train/policy_gradient_loss": -0.0015993837732821703, "train/value_loss": 0.17104732990264893}