{"_wandb": {"runtime": 104}, "global_step": 151250, "_timestamp": 1711466769.613981, "env_stats/badge": 0.0, "env_stats/coord_count": 286.5454406738281, "env_stats/deaths": 0.27272728085517883, "env_stats/event": 11.227272987365723, "env_stats/healr": 0.06979992240667343, "env_stats/hp": 0.9090909361839294, "env_stats/levels_sum": 7.363636493682861, "env_stats/map": 18.272727966308594, "env_stats/max_map_progress": 1.454545497894287, "env_stats/pcount": 1.454545497894287, "env_stats/step": 13748.0, "env_stats/total_reward": 87.36460876464844, "env_stats/x": 4.7272725105285645, "env_stats/y": 9.272727012634277, "time/fps": 1785.0, "trajectory_image": {"_type": "images/separated", "width": 880, "height": 72, "format": "png", "count": 1, "filenames": ["media/images/trajectory_image_0_628a629ebc2905d9841a.png"]}, "_runtime": 85.77642297744751, "_step": 0}