{"global_step": 22022000, "_timestamp": 1711339513.0316768, "env_stats/badge": 0.0, "env_stats/coord_count": 1300.0, "env_stats/deaths": 1.0909091234207153, "env_stats/event": 10.045454978942871, "env_stats/healr": 0.05194426700472832, "env_stats/hp": 0.7998251914978027, "env_stats/levels_sum": 7.181818008422852, "env_stats/map": 37.45454406738281, "env_stats/max_map_progress": 6.454545497894287, "env_stats/pcount": 1.0, "env_stats/step": 2748.0, "env_stats/total_reward": 354.8830871582031, "env_stats/x": 9.454545021057129, "env_stats/y": 11.454545021057129, "time/fps": 1832.0, "trajectory_image": {"_type": "images/separated", "width": 880, "height": 72, "format": "png", "count": 1, "filenames": ["media/images/trajectory_image_727_6bbd3cebfff9da50bbed.png"]}, "_runtime": 12018.222375869751, "_step": 727, "train/approx_kl": 0.028836898505687714, "train/clip_fraction": 0.10826101899147034, "train/clip_range": 0.20000000298023224, "train/entropy_loss": -0.42597496509552, "train/explained_variance": 0.9873045682907104, "train/learning_rate": 0.0003000000142492354, "train/loss": 0.40518397092819214, "train/policy_gradient_loss": 0.0005975288804620504, "train/value_loss": 1.4534101486206055, "_wandb": {"runtime": 12020}}