{"global_step": 22082500, "_timestamp": 1710763760.0563903, "env_stats/badge": 0.0, "env_stats/coord_count": 1105.8182373046875, "env_stats/deaths": 0.0, "env_stats/event": 6.0, "env_stats/healr": 0.0, "env_stats/hp": 1.0, "env_stats/levels_sum": 6.0, "env_stats/map": 33.0, "env_stats/max_map_progress": 4.0, "env_stats/pcount": 1.0, "env_stats/step": 27498.0, "env_stats/x": 3.0, "env_stats/y": 14.909090995788574, "time/fps": 1625.0, "trajectory_image": {"_type": "images/separated", "width": 880, "height": 72, "format": "png", "count": 1, "filenames": ["media/images/trajectory_image_72_f6e293d34dd84a8efeaf.png"]}, "_runtime": 13583.260167360306, "_step": 72, "train/approx_kl": 0.019750261679291725, "train/clip_fraction": 0.11269251257181168, "train/clip_range": 0.20000000298023224, "train/entropy_loss": -1.094794750213623, "train/explained_variance": 0.990222692489624, "train/learning_rate": 0.0003000000142492354, "train/loss": 0.20426888763904572, "train/policy_gradient_loss": 0.002006747294217348, "train/value_loss": 0.6073273420333862, "_wandb": {"runtime": 13612}}