{"global_step": 40053000, "_timestamp": 1712039318.8376138, "env_stats/badge": 0.0, "env_stats/coord_count": 2592.6923828125, "env_stats/deaths": 2.923076868057251, "env_stats/event": 26.769229888916016, "env_stats/healr": 0.11717673391103745, "env_stats/hp": 0.8928571343421936, "env_stats/levels": 80448.0, "env_stats/levels_sum": 8.692307472229004, "env_stats/map": 35.769229888916016, "env_stats/max_map_progress": 6.692307472229004, "env_stats/op_highest_lvl": 4.523077011108398, "env_stats/op_total_lvl": 200170.796875, "env_stats/pcount": 1.0, "env_stats/step": 19498.0, "env_stats/total_reward": 280958.40625, "env_stats/x": 5.230769157409668, "env_stats/y": 12.84615421295166, "time/fps": 1923.0, "trajectory_image": {"_type": "images/separated", "width": 1040, "height": 72, "format": "png", "count": 1, "filenames": ["media/images/trajectory_image_157_3714b26db2f315b5cd35.png"]}, "_runtime": 20829.345227718353, "_step": 157, "train/approx_kl": 0.2499569058418274, "train/clip_fraction": 0.28124159574508667, "train/clip_range": 0.20000000298023224, "train/entropy_loss": -0.5930711627006531, "train/explained_variance": 0.9885609149932861, "train/learning_rate": 0.0003000000142492354, "train/loss": 0.1886809766292572, "train/policy_gradient_loss": -0.0040281908586621284, "train/value_loss": 0.26911669969558716, "_wandb": {"runtime": 20849}}