{"global_step": 30135000, "_timestamp": 1711690866.073956, "env_stats/badge": 0.0, "env_stats/coord_count": 2108.71435546875, "env_stats/deaths": 2.0714285373687744, "env_stats/event": 38.57143020629883, "env_stats/healr": 0.5238423943519592, "env_stats/hp": 0.6219851970672607, "env_stats/levels": 60.85714340209961, "env_stats/levels_sum": 24.928571701049805, "env_stats/map": 42.85714340209961, "env_stats/max_map_progress": 5.714285850524902, "env_stats/op_highest_lvl": 3.240000009536743, "env_stats/op_total_lvl": 200170.796875, "env_stats/pcount": 3.0714285373687744, "env_stats/step": 17498.0, "env_stats/total_reward": 200451.265625, "env_stats/x": 7.285714149475098, "env_stats/y": 26.35714340209961, "time/fps": 1989.0, "trajectory_image": {"_type": "images/separated", "width": 1120, "height": 72, "format": "png", "count": 1, "filenames": ["media/images/trajectory_image_122_17e455c5c541457aac10.png"]}, "_runtime": 15146.965307950974, "_step": 122, "train/approx_kl": 0.06936486065387726, "train/clip_fraction": 0.22568674385547638, "train/clip_range": 0.20000000298023224, "train/entropy_loss": -0.9338362812995911, "train/explained_variance": 0.9870813488960266, "train/learning_rate": 0.0003000000142492354, "train/loss": 0.2079186737537384, "train/policy_gradient_loss": -0.0015096197603270411, "train/value_loss": 0.1498994678258896, "_wandb": {"runtime": 15167}}