{"global_step": 22082500, "_timestamp": 1711083762.737145, "env_stats/badge": 0.0, "env_stats/coord_count": 1454.8182373046875, "env_stats/deaths": 2.3636362552642822, "env_stats/event": 22.909090042114258, "env_stats/healr": 0.14657345414161682, "env_stats/hp": 0.9022333025932312, "env_stats/levels_sum": 12.0, "env_stats/map": 18.545454025268555, "env_stats/max_map_progress": 5.181818008422852, "env_stats/pcount": 1.8181818723678589, "env_stats/step": 27498.0, "env_stats/x": 10.727272987365723, "env_stats/y": 17.18181800842285, "time/fps": 1570.0, "trajectory_image": {"_type": "images/separated", "width": 880, "height": 72, "format": "png", "count": 1, "filenames": ["media/images/trajectory_image_72_34532a73234cfc3df34f.png"]}, "_runtime": 14060.882976055145, "_step": 72, "train/approx_kl": 0.03397049382328987, "train/clip_fraction": 0.17941173911094666, "train/clip_range": 0.20000000298023224, "train/entropy_loss": -0.805637001991272, "train/explained_variance": 0.9932832717895508, "train/learning_rate": 0.0003000000142492354, "train/loss": 0.020269865170121193, "train/policy_gradient_loss": 0.0014018373331055045, "train/value_loss": 0.18451106548309326, "_wandb": {"runtime": 14087}}