{"global_step": 294000, "_timestamp": 1712267283.6260679, "env_stats/badge": 0.0, "env_stats/coord_count": 363.21429443359375, "env_stats/deaths": 0.9285714030265808, "env_stats/event": 10.714285850524902, "env_stats/healr": 0.17719295620918274, "env_stats/hp": 0.9145632386207581, "env_stats/levels": 53632.0, "env_stats/levels_sum": 8.928571701049805, "env_stats/map": 25.14285659790039, "env_stats/max_map_progress": 1.8571428060531616, "env_stats/op_highest_lvl": 0.0, "env_stats/op_total_lvl": 166809.0, "env_stats/pcount": 2.0, "env_stats/step": 20998.0, "env_stats/total_reward": 220469.828125, "env_stats/x": 7.857142925262451, "env_stats/y": 11.928571701049805, "rollout/exploration_rate": 0.9301837086677551, "time/fps": 2260.0, "train/learning_rate": 9.999999747378752e-05, "train/loss": 0.00017933541676029563, "trajectory_image": {"_type": "images/separated", "width": 1120, "height": 72, "format": "png", "count": 1, "filenames": ["media/images/trajectory_image_0_8f48f70761ab36620492.png"]}, "_runtime": 130.87895798683167, "_step": 0, "_wandb": {"runtime": 382}}