{"global_step": 750000, "_timestamp": 1712267985.552008, "env_stats/badge": 0.0, "env_stats/coord_count": 312.8999938964844, "env_stats/deaths": 0.4000000059604645, "env_stats/event": 11.5, "env_stats/healr": 0.145420640707016, "env_stats/hp": 1.0, "env_stats/levels": 53632.0, "env_stats/levels_sum": 9.100000381469727, "env_stats/map": 26.700000762939453, "env_stats/max_map_progress": 1.5, "env_stats/op_highest_lvl": 0.0, "env_stats/op_total_lvl": 166809.0, "env_stats/pcount": 2.0, "env_stats/step": 14998.0, "env_stats/total_reward": 220468.46875, "env_stats/x": 6.400000095367432, "env_stats/y": 4.5, "rollout/exploration_rate": 0.8218972682952881, "time/fps": 1817.0, "train/learning_rate": 9.999999747378752e-05, "train/loss": 0.000634563562925905, "trajectory_image": {"_type": "images/separated", "width": 800, "height": 72, "format": "png", "count": 1, "filenames": ["media/images/trajectory_image_4_ed7414afb6e4af97fb17.png"]}, "_runtime": 413.6900520324707, "_step": 4, "_wandb": {"runtime": 509}}