{"global_step": 11011000, "_timestamp": 1710507456.1452198, "env_stats/badge": 0.0, "env_stats/coord_count": 1295.0, "env_stats/deaths": 0.9090909361839294, "env_stats/event": 20.18181800842285, "env_stats/healr": 0.06237650662660599, "env_stats/hp": 0.9242583513259888, "env_stats/levels_sum": 8.545454978942871, "env_stats/map": 6.818181991577148, "env_stats/max_map_progress": 4.636363506317139, "env_stats/pcount": 1.454545497894287, "env_stats/step": 10998.0, "env_stats/x": 4.636363506317139, "env_stats/y": 18.545454025268555, "time/fps": 1524.0, "trajectory_image": {"_type": "images/separated", "width": 880, "height": 72, "format": "png", "count": 1, "filenames": ["media/images/trajectory_image_90_99f82f6589cd368452fe.png"]}, "_runtime": 7225.98544883728, "_step": 90, "train/approx_kl": 0.06975933164358139, "train/clip_fraction": 0.2715567648410797, "train/clip_range": 0.20000000298023224, "train/entropy_loss": -0.680270791053772, "train/explained_variance": 0.9878215193748474, "train/learning_rate": 0.0003000000142492354, "train/loss": 0.1259143054485321, "train/policy_gradient_loss": -0.0060121226124465466, "train/value_loss": 0.41045114398002625, "_wandb": {"runtime": 7237}}