{"global_step": 22022000, "_timestamp": 1710524805.9624882, "env_stats/badge": 0.0, "env_stats/coord_count": 1003.272705078125, "env_stats/deaths": 1.0909091234207153, "env_stats/event": 19.636363983154297, "env_stats/healr": 0.036968689411878586, "env_stats/hp": 0.9834710955619812, "env_stats/levels_sum": 7.545454502105713, "env_stats/map": 29.636363983154297, "env_stats/max_map_progress": 5.0, "env_stats/pcount": 1.0909091234207153, "env_stats/step": 21998.0, "env_stats/x": 8.0, "env_stats/y": 16.454545974731445, "time/fps": 1641.0, "trajectory_image": {"_type": "images/separated", "width": 880, "height": 72, "format": "png", "count": 1, "filenames": ["media/images/trajectory_image_90_8afefe9cb73d79c4b4a0.png"]}, "_runtime": 13416.47767329216, "_step": 90, "train/approx_kl": 0.0493784174323082, "train/clip_fraction": 0.1694035828113556, "train/clip_range": 0.20000000298023224, "train/entropy_loss": -0.7515683174133301, "train/explained_variance": 0.98275226354599, "train/learning_rate": 0.0003000000142492354, "train/loss": 0.07156813889741898, "train/policy_gradient_loss": 0.006214216351509094, "train/value_loss": 0.6972072720527649, "_wandb": {"runtime": 13440}}