{"global_step": 8954000, "_timestamp": 1710676593.3927393, "env_stats/badge": 0.0, "env_stats/coord_count": 572.6363525390625, "env_stats/deaths": 0.0, "env_stats/event": 10.909090995788574, "env_stats/healr": 0.0, "env_stats/hp": 0.9628099203109741, "env_stats/levels_sum": 6.0, "env_stats/map": 49.3636360168457, "env_stats/max_map_progress": 5.0, "env_stats/pcount": 1.0, "env_stats/step": 21998.0, "env_stats/x": 3.454545497894287, "env_stats/y": 20.909090042114258, "time/fps": 1582.0, "trajectory_image": {"_type": "images/separated", "width": 880, "height": 72, "format": "png", "count": 1, "filenames": ["media/images/trajectory_image_36_844711343a79ff709e7c.png"]}, "_runtime": 5660.859271287918, "_step": 36, "train/approx_kl": 0.03890720754861832, "train/clip_fraction": 0.18432128429412842, "train/clip_range": 0.20000000298023224, "train/entropy_loss": -1.0142848491668701, "train/explained_variance": 0.976994514465332, "train/learning_rate": 0.0003000000142492354, "train/loss": -0.0028483569622039795, "train/policy_gradient_loss": 0.006453217007219791, "train/value_loss": 0.1641765683889389, "_wandb": {"runtime": 5922}}