{"global_step": 39900000, "_timestamp": 1712641785.529121, "env_stats/badge": 0.0, "env_stats/coord_count": 56.599998474121094, "env_stats/deaths": 0.0, "env_stats/event": 3.5, "env_stats/healr": 0.0, "env_stats/hp": 1.0, "env_stats/levels": 53632.0, "env_stats/levels_sum": 6.0, "env_stats/map": 15.600000381469727, "env_stats/max_map_progress": 1.0, "env_stats/op_highest_lvl": 0.0, "env_stats/op_total_lvl": 166809.0, "env_stats/pcount": 1.0, "env_stats/step": 14998.0, "env_stats/total_reward": 220447.328125, "env_stats/x": 7.900000095367432, "env_stats/y": 5.599999904632568, "rollout/exploration_rate": 0.05000000074505806, "time/fps": 1972.0, "train/learning_rate": 9.999999747378752e-05, "train/loss": 0.015400293283164501, "trajectory_image": {"_type": "images/separated", "width": 800, "height": 72, "format": "png", "count": 1, "filenames": ["media/images/trajectory_image_265_addbc7e23bedcdab04b7.png"]}, "_runtime": 20227.270493984222, "_step": 265, "_wandb": {"runtime": 20287}}