{"global_step": 40278000, "_timestamp": 1712523757.241962, "env_stats/badge": 0.5714285969734192, "env_stats/coord_count": 2485.21435546875, "env_stats/deaths": 4.357142925262451, "env_stats/event": 34.28571319580078, "env_stats/healr": 0.5231692790985107, "env_stats/hp": 0.7558265328407288, "env_stats/levels": 53632.0, "env_stats/levels_sum": 13.357142448425293, "env_stats/map": 40.92856979370117, "env_stats/max_map_progress": 7.142857074737549, "env_stats/op_highest_lvl": 6.300000190734863, "env_stats/op_total_lvl": 166809.0, "env_stats/pcount": 1.4285714626312256, "env_stats/step": 20998.0, "env_stats/total_reward": 220609.8125, "env_stats/x": 8.142857551574707, "env_stats/y": 11.428571701049805, "time/fps": 1946.0, "trajectory_image": {"_type": "images/separated", "width": 1120, "height": 72, "format": "png", "count": 1, "filenames": ["media/images/trajectory_image_136_2b22ae47bd1f514e3737.png"]}, "_runtime": 20694.115812063217, "_step": 136, "train/approx_kl": 0.041089147329330444, "train/clip_fraction": 0.1939183473587036, "train/clip_range": 0.20000000298023224, "train/entropy_loss": -0.9266682863235474, "train/explained_variance": 0.9786385297775269, "train/learning_rate": 0.0003000000142492354, "train/loss": 0.09185400605201721, "train/policy_gradient_loss": 0.0019465561490505934, "train/value_loss": 0.0965806096792221, "_wandb": {"runtime": 20718}}