{"global_step": 514250, "_timestamp": 1711291855.5122354, "env_stats/badge": 0.0, "env_stats/coord_count": 420.2727355957031, "env_stats/deaths": 0.0, "env_stats/event": 8.863636016845703, "env_stats/healr": 0.0, "env_stats/hp": 0.9876033067703247, "env_stats/levels_sum": 6.818181991577148, "env_stats/map": 18.545454025268555, "env_stats/max_map_progress": 2.909090995788574, "env_stats/pcount": 1.2727272510528564, "env_stats/step": 2748.0, "env_stats/total_reward": 118.84363555908203, "env_stats/x": 13.909090995788574, "env_stats/y": 15.636363983154297, "time/fps": 1658.0, "trajectory_image": {"_type": "images/separated", "width": 880, "height": 72, "format": "png", "count": 1, "filenames": ["media/images/trajectory_image_16_f7dab990c39342ab4f6a.png"]}, "_runtime": 311.22078251838684, "_step": 16, "train/approx_kl": 0.022069940343499184, "train/clip_fraction": 0.23353101313114166, "train/clip_range": 0.20000000298023224, "train/entropy_loss": -1.5377289056777954, "train/explained_variance": 0.9017654657363892, "train/learning_rate": 0.0003000000142492354, "train/loss": 0.1809472292661667, "train/policy_gradient_loss": -0.005406185984611511, "train/value_loss": 0.5874672532081604}