{"global_step": 2178000, "_timestamp": 1712272400.0030553, "env_stats/badge": 0.0, "env_stats/coord_count": 364.5454406738281, "env_stats/deaths": 0.7272727489471436, "env_stats/event": 9.545454978942871, "env_stats/healr": 0.13679246604442596, "env_stats/hp": 0.9711399674415588, "env_stats/levels": 53632.0, "env_stats/levels_sum": 10.818181991577148, "env_stats/map": 27.272727966308594, "env_stats/max_map_progress": 2.090909004211426, "env_stats/op_highest_lvl": 0.0, "env_stats/op_total_lvl": 166809.0, "env_stats/pcount": 2.8181817531585693, "env_stats/step": 16498.0, "env_stats/total_reward": 220468.734375, "env_stats/x": 6.454545497894287, "env_stats/y": 8.181818008422852, "rollout/exploration_rate": 0.4826732575893402, "time/fps": 1869.0, "train/learning_rate": 9.999999747378752e-05, "train/loss": 0.0010010136757045984, "trajectory_image": {"_type": "images/separated", "width": 880, "height": 72, "format": "png", "count": 1, "filenames": ["media/images/trajectory_image_11_c8b34c4dfad05ed49b9e.png"]}, "_runtime": 1166.1960933208466, "_step": 11, "_wandb": {"runtime": 1267}}