{"global_step": 40278000, "_timestamp": 1712386042.6913102, "env_stats/badge": 0.0, "env_stats/coord_count": 2451.5, "env_stats/deaths": 4.714285850524902, "env_stats/event": 24.285715103149414, "env_stats/healr": 0.580532431602478, "env_stats/hp": 0.9223057627677917, "env_stats/levels": 53632.0, "env_stats/levels_sum": 7.857142925262451, "env_stats/map": 27.64285659790039, "env_stats/max_map_progress": 7.0, "env_stats/op_highest_lvl": 6.300000190734863, "env_stats/op_total_lvl": 166809.0, "env_stats/pcount": 1.1428571939468384, "env_stats/step": 20998.0, "env_stats/total_reward": 220592.34375, "env_stats/x": 6.9285712242126465, "env_stats/y": 19.5, "time/fps": 1791.0, "trajectory_image": {"_type": "images/separated", "width": 1120, "height": 72, "format": "png", "count": 1, "filenames": ["media/images/trajectory_image_136_321fcfd2c45ad02f7877.png"]}, "_runtime": 22484.26159119606, "_step": 136, "train/approx_kl": 0.0789235532283783, "train/clip_fraction": 0.22623825073242188, "train/clip_range": 0.20000000298023224, "train/entropy_loss": -0.7454178929328918, "train/explained_variance": 0.9843319654464722, "train/learning_rate": 0.0003000000142492354, "train/loss": 0.005656160414218903, "train/policy_gradient_loss": 0.010670468211174011, "train/value_loss": 0.054211538285017014, "_wandb": {"runtime": 22512}}