{"global_step": 30135000, "_timestamp": 1711546995.9281616, "env_stats/badge": 0.0, "env_stats/coord_count": 1770.7857666015625, "env_stats/deaths": 1.2857142686843872, "env_stats/event": 25.535715103149414, "env_stats/healr": 0.07043199241161346, "env_stats/hp": 0.7812420129776001, "env_stats/levels": 4.27142858505249, "env_stats/levels_sum": 7.785714149475098, "env_stats/map": 39.92856979370117, "env_stats/max_map_progress": 6.5714287757873535, "env_stats/op_highest_lvl": 4.159999847412109, "env_stats/op_total_lvl": 216851.703125, "env_stats/pcount": 1.0714285373687744, "env_stats/step": 17498.0, "env_stats/total_reward": 217344.859375, "env_stats/x": 8.285714149475098, "env_stats/y": 17.35714340209961, "time/fps": 2005.0, "trajectory_image": {"_type": "images/separated", "width": 1120, "height": 72, "format": "png", "count": 1, "filenames": ["media/images/trajectory_image_122_e12ab06d0db6a76d1047.png"]}, "_runtime": 15024.811035633087, "_step": 122, "train/approx_kl": 0.040146030485630035, "train/clip_fraction": 0.1865644007921219, "train/clip_range": 0.20000000298023224, "train/entropy_loss": -0.3317989110946655, "train/explained_variance": 0.9859163165092468, "train/learning_rate": 0.0003000000142492354, "train/loss": 0.0416349321603775, "train/policy_gradient_loss": -0.005027777515351772, "train/value_loss": 0.9575640559196472, "_wandb": {"runtime": 15046}}