{"global_step": 39936000, "_timestamp": 1712732231.1070335, "env_stats/badge": 0.0, "env_stats/coord_count": 143.875, "env_stats/deaths": 0.125, "env_stats/event": 7.5, "env_stats/healr": 0.03588516637682915, "env_stats/hp": 1.0, "env_stats/levels": 53632.0, "env_stats/levels_sum": 6.375, "env_stats/map": 0.0, "env_stats/max_map_progress": 1.375, "env_stats/op_highest_lvl": 0.3499999940395355, "env_stats/op_total_lvl": 166809.0, "env_stats/pcount": 1.125, "env_stats/step": 11998.0, "env_stats/total_reward": 220456.09375, "env_stats/x": 8.625, "env_stats/y": 3.625, "rollout/exploration_rate": 0.009999999776482582, "time/fps": 1640.0, "train/learning_rate": 4.999999873689376e-05, "train/loss": 0.2886938154697418, "trajectory_image": {"_type": "images/separated", "width": 640, "height": 72, "format": "png", "count": 1, "filenames": ["media/images/trajectory_image_415_374d3692171ef0f1a4e4.png"]}, "_runtime": 24344.857353448868, "_step": 415, "_wandb": {"runtime": 24378}}