{"global_step": 588000, "_timestamp": 1712271048.3485627, "env_stats/badge": 0.0, "env_stats/coord_count": 389.5714416503906, "env_stats/deaths": 1.5714285373687744, "env_stats/event": 8.928571701049805, "env_stats/healr": 0.30757755041122437, "env_stats/hp": 0.8584080934524536, "env_stats/levels": 53632.0, "env_stats/levels_sum": 11.714285850524902, "env_stats/map": 20.785715103149414, "env_stats/max_map_progress": 2.0, "env_stats/op_highest_lvl": 0.0, "env_stats/op_total_lvl": 166809.0, "env_stats/pcount": 3.0714285373687744, "env_stats/step": 20998.0, "env_stats/total_reward": 220469.375, "env_stats/x": 6.785714149475098, "env_stats/y": 9.714285850524902, "rollout/exploration_rate": 0.860367476940155, "time/fps": 2261.0, "train/learning_rate": 9.999999747378752e-05, "train/loss": 0.00016433748533017933, "trajectory_image": {"_type": "images/separated", "width": 1120, "height": 72, "format": "png", "count": 1, "filenames": ["media/images/trajectory_image_1_a93493163aadaac0c85c.png"]}, "_runtime": 260.9220607280731, "_step": 1, "_wandb": {"runtime": 427}}