{"global_step": 30166500, "_timestamp": 1711736748.4073908, "env_stats/badge": 0.0, "env_stats/coord_count": 2543.0, "env_stats/deaths": 3.538461446762085, "env_stats/event": 24.0, "env_stats/healr": 0.10393180698156357, "env_stats/hp": 1.0, "env_stats/levels": 80448.0, "env_stats/levels_sum": 8.384614944458008, "env_stats/map": 40.53845977783203, "env_stats/max_map_progress": 6.538461685180664, "env_stats/op_highest_lvl": 6.913846015930176, "env_stats/op_total_lvl": 200170.796875, "env_stats/pcount": 1.0, "env_stats/step": 19498.0, "env_stats/total_reward": 280951.25, "env_stats/x": 16.30769157409668, "env_stats/y": 11.15384578704834, "time/fps": 1953.0, "trajectory_image": {"_type": "images/separated", "width": 1040, "height": 72, "format": "png", "count": 1, "filenames": ["media/images/trajectory_image_118_154eeec7bce510f7484d.png"]}, "_runtime": 15444.027177810669, "_step": 118, "train/approx_kl": 0.03394613787531853, "train/clip_fraction": 0.17953720688819885, "train/clip_range": 0.20000000298023224, "train/entropy_loss": -0.8450064063072205, "train/explained_variance": 0.9848505854606628, "train/learning_rate": 0.0003000000142492354, "train/loss": 0.18086744844913483, "train/policy_gradient_loss": 0.00747340964153409, "train/value_loss": 0.35197606682777405, "_wandb": {"runtime": 15464}}