{"global_step": 15972000, "_timestamp": 1710602549.1569188, "env_stats/badge": 0.0, "env_stats/coord_count": 821.3636474609375, "env_stats/deaths": 0.0, "env_stats/event": 18.0, "env_stats/healr": 0.0, "env_stats/hp": 0.9710744023323059, "env_stats/levels_sum": 6.0, "env_stats/map": 33.0, "env_stats/max_map_progress": 4.0, "env_stats/pcount": 1.0, "env_stats/step": 21998.0, "env_stats/x": 29.0, "env_stats/y": 4.0, "time/fps": 1630.0, "trajectory_image": {"_type": "images/separated", "width": 880, "height": 72, "format": "png", "count": 1, "filenames": ["media/images/trajectory_image_65_5924c3b8a6ce7fe2b642.png"]}, "_runtime": 9797.797775745392, "_step": 65, "train/approx_kl": 0.01838924176990986, "train/clip_fraction": 0.0904189795255661, "train/clip_range": 0.20000000298023224, "train/entropy_loss": -0.688562273979187, "train/explained_variance": 0.993443489074707, "train/learning_rate": 0.0003000000142492354, "train/loss": 0.09049897640943527, "train/policy_gradient_loss": 0.003621024312451482, "train/value_loss": 0.23062008619308472, "_wandb": {"runtime": 9920}}