{"global_step": 39936000, "_timestamp": 1712909202.6137729, "env_stats/badge": 0.0, "env_stats/coord_count": 301.875, "env_stats/deaths": 0.0, "env_stats/event": 10.0, "env_stats/healr": 0.009213759563863277, "env_stats/hp": 0.9729729890823364, "env_stats/levels": 53632.0, "env_stats/levels_sum": 6.375, "env_stats/map": 27.5, "env_stats/max_map_progress": 1.25, "env_stats/op_highest_lvl": 0.0, "env_stats/op_total_lvl": 166809.0, "env_stats/pcount": 1.125, "env_stats/step": 11998.0, "env_stats/total_reward": 220466.140625, "env_stats/x": 5.25, "env_stats/y": 11.0, "rollout/exploration_rate": 0.009999999776482582, "time/fps": 1594.0, "train/learning_rate": 4.999999873689376e-05, "train/loss": 0.16421647369861603, "trajectory_image": {"_type": "images/separated", "width": 640, "height": 72, "format": "png", "count": 1, "filenames": ["media/images/trajectory_image_415_abf076f13601aee5020a.png"]}, "_runtime": 25043.947194814682, "_step": 415, "_wandb": {"runtime": 25079}}