{"global_step": 40278000, "_timestamp": 1712432830.5159552, "env_stats/badge": 0.0714285746216774, "env_stats/coord_count": 2581.642822265625, "env_stats/deaths": 3.4285714626312256, "env_stats/event": 25.714284896850586, "env_stats/healr": 0.5333254337310791, "env_stats/hp": 0.8582760691642761, "env_stats/levels": 53632.0, "env_stats/levels_sum": 8.5, "env_stats/map": 32.07143020629883, "env_stats/max_map_progress": 6.9285712242126465, "env_stats/op_highest_lvl": 5.900000095367432, "env_stats/op_total_lvl": 166809.0, "env_stats/pcount": 1.0, "env_stats/step": 20998.0, "env_stats/total_reward": 220601.65625, "env_stats/x": 8.928571701049805, "env_stats/y": 11.928571701049805, "time/fps": 1690.0, "trajectory_image": {"_type": "images/separated", "width": 1120, "height": 72, "format": "png", "count": 1, "filenames": ["media/images/trajectory_image_136_dd8e3aba8790c3700d92.png"]}, "_runtime": 23822.61305332184, "_step": 136, "train/approx_kl": 0.06635978817939758, "train/clip_fraction": 0.26238077878952026, "train/clip_range": 0.20000000298023224, "train/entropy_loss": -0.7982999682426453, "train/explained_variance": 0.9913666248321533, "train/learning_rate": 0.0003000000142492354, "train/loss": 0.005282768979668617, "train/policy_gradient_loss": -0.003784710541367531, "train/value_loss": 0.04797904193401337, "_wandb": {"runtime": 23852}}