{"global_step": 30166500, "_timestamp": 1711947557.6223786, "env_stats/badge": 0.0, "env_stats/coord_count": 1561.6922607421875, "env_stats/deaths": 2.230769157409668, "env_stats/event": 31.384614944458008, "env_stats/healr": 0.30579105019569397, "env_stats/hp": 0.8585851788520813, "env_stats/levels": 80448.0, "env_stats/levels_sum": 8.84615421295166, "env_stats/map": 34.153846740722656, "env_stats/max_map_progress": 5.538461685180664, "env_stats/op_highest_lvl": 3.230769157409668, "env_stats/op_total_lvl": 200170.796875, "env_stats/pcount": 1.0, "env_stats/step": 19498.0, "env_stats/total_reward": 280933.6875, "env_stats/x": 11.307692527770996, "env_stats/y": 14.615385055541992, "time/fps": 1873.0, "trajectory_image": {"_type": "images/separated", "width": 1040, "height": 72, "format": "png", "count": 1, "filenames": ["media/images/trajectory_image_118_2953e518434ad58b188b.png"]}, "_runtime": 16100.323021650314, "_step": 118, "train/approx_kl": 0.11599753051996231, "train/clip_fraction": 0.2438887357711792, "train/clip_range": 0.20000000298023224, "train/entropy_loss": -0.5354046821594238, "train/explained_variance": 0.9821335077285767, "train/learning_rate": 0.0003000000142492354, "train/loss": 0.1325664073228836, "train/policy_gradient_loss": -0.0019400469027459621, "train/value_loss": 0.34332209825515747, "_wandb": {"runtime": 16123}}