{"global_step": 22022000, "_timestamp": 1711426949.0464478, "env_stats/badge": 0.0, "env_stats/coord_count": 1870.8182373046875, "env_stats/deaths": 1.1818181276321411, "env_stats/event": 18.909090042114258, "env_stats/healr": 0.06173750385642052, "env_stats/hp": 0.7828724384307861, "env_stats/levels_sum": 7.454545497894287, "env_stats/map": 26.909090042114258, "env_stats/max_map_progress": 5.636363506317139, "env_stats/pcount": 1.0909091234207153, "env_stats/step": 10998.0, "env_stats/total_reward": 511.4549255371094, "env_stats/x": 11.909090995788574, "env_stats/y": 17.636363983154297, "time/fps": 1784.0, "trajectory_image": {"_type": "images/separated", "width": 880, "height": 72, "format": "png", "count": 1, "filenames": ["media/images/trajectory_image_181_f86f01ad8d8c1b12258a.png"]}, "_runtime": 12343.784922838211, "_step": 181, "train/approx_kl": 0.03027709200978279, "train/clip_fraction": 0.15446287393569946, "train/clip_range": 0.20000000298023224, "train/entropy_loss": -0.6362271904945374, "train/explained_variance": 0.9735729098320007, "train/learning_rate": 0.0003000000142492354, "train/loss": 0.6657865643501282, "train/policy_gradient_loss": -0.004937674850225449, "train/value_loss": 1.8737866878509521, "_wandb": {"runtime": 12354}}