{"global_step": 22022000, "_timestamp": 1710690547.0483818, "env_stats/badge": 0.0, "env_stats/coord_count": 1439.727294921875, "env_stats/deaths": 1.2727272510528564, "env_stats/event": 7.636363506317139, "env_stats/healr": 0.10006508976221085, "env_stats/hp": 0.9582690000534058, "env_stats/levels_sum": 8.636363983154297, "env_stats/map": 37.45454406738281, "env_stats/max_map_progress": 5.0, "env_stats/pcount": 1.0, "env_stats/step": 21998.0, "env_stats/x": 9.363636016845703, "env_stats/y": 25.545454025268555, "time/fps": 1632.0, "trajectory_image": {"_type": "images/separated", "width": 880, "height": 72, "format": "png", "count": 1, "filenames": ["media/images/trajectory_image_90_cdfe2c19ce996f35c053.png"]}, "_runtime": 13490.861941814423, "_step": 90, "train/approx_kl": 0.05287381261587143, "train/clip_fraction": 0.20291154086589813, "train/clip_range": 0.20000000298023224, "train/entropy_loss": -0.7688437104225159, "train/explained_variance": 0.9818734526634216, "train/learning_rate": 0.0003000000142492354, "train/loss": 0.17003168165683746, "train/policy_gradient_loss": -0.000216080981772393, "train/value_loss": 0.6150981187820435, "_wandb": {"runtime": 13513}}