{"global_step": 40053000, "_timestamp": 1712129254.5481658, "env_stats/badge": 0.0, "env_stats/coord_count": 2451.0, "env_stats/deaths": 2.769230842590332, "env_stats/event": 25.384614944458008, "env_stats/healr": 0.43168899416923523, "env_stats/hp": 0.9370576739311218, "env_stats/levels": 53632.0, "env_stats/levels_sum": 8.076923370361328, "env_stats/map": 33.38461685180664, "env_stats/max_map_progress": 6.92307710647583, "env_stats/op_highest_lvl": 5.384615421295166, "env_stats/op_total_lvl": 166809.0, "env_stats/pcount": 1.1538461446762085, "env_stats/step": 19498.0, "env_stats/total_reward": 220593.703125, "env_stats/x": 5.461538314819336, "env_stats/y": 9.769230842590332, "time/fps": 1925.0, "trajectory_image": {"_type": "images/separated", "width": 1040, "height": 72, "format": "png", "count": 1, "filenames": ["media/images/trajectory_image_157_40cbd84c40d4a60cc463.png"]}, "_runtime": 20803.091320753098, "_step": 157, "train/approx_kl": 0.06274382770061493, "train/clip_fraction": 0.23196040093898773, "train/clip_range": 0.20000000298023224, "train/entropy_loss": -0.7289662957191467, "train/explained_variance": 0.9899632334709167, "train/learning_rate": 0.0003000000142492354, "train/loss": 0.02425878867506981, "train/policy_gradient_loss": -0.0011232428951188922, "train/value_loss": 0.07603389769792557, "_wandb": {"runtime": 20824}}