{"_wandb": {"runtime": 151}, "global_step": 253500, "_timestamp": 1711709022.4139886, "env_stats/badge": 0.0, "env_stats/coord_count": 341.4615478515625, "env_stats/deaths": 0.38461539149284363, "env_stats/event": 11.538461685180664, "env_stats/healr": 0.0774286612868309, "env_stats/hp": 0.8672225475311279, "env_stats/levels": 80448.0, "env_stats/levels_sum": 8.461538314819336, "env_stats/map": 16.615385055541992, "env_stats/max_map_progress": 1.5384615659713745, "env_stats/op_highest_lvl": 0.0, "env_stats/op_total_lvl": 200170.796875, "env_stats/pcount": 1.8461538553237915, "env_stats/step": 19498.0, "env_stats/total_reward": 280671.3125, "env_stats/x": 9.076923370361328, "env_stats/y": 11.461538314819336, "time/fps": 2186.0, "trajectory_image": {"_type": "images/separated", "width": 1040, "height": 72, "format": "png", "count": 1, "filenames": ["media/images/trajectory_image_0_7f8c429be526b9eb6f5c.png"]}, "_runtime": 116.97242450714111, "_step": 0}