{"global_step": 181500, "_timestamp": 1711284192.1703572, "env_stats/badge": 0.0, "env_stats/coord_count": 219.09091186523438, "env_stats/deaths": 0.3636363744735718, "env_stats/event": 0.5909090638160706, "env_stats/healr": 0.07169092446565628, "env_stats/hp": 0.6669896245002747, "env_stats/levels_sum": 8.636363983154297, "env_stats/map": 21.272727966308594, "env_stats/max_map_progress": 1.9090908765792847, "env_stats/pcount": 2.0, "env_stats/step": 2748.0, "env_stats/total_reward": 59.67508316040039, "env_stats/x": 9.090909004211426, "env_stats/y": 19.272727966308594, "time/fps": 1556.0, "trajectory_image": {"_type": "images/separated", "width": 880, "height": 72, "format": "png", "count": 1, "filenames": ["media/images/trajectory_image_5_e3b3ae7cc0ecc81f76a0.png"]}, "_runtime": 117.83297920227051, "_step": 5, "train/approx_kl": 0.012561758048832417, "train/clip_fraction": 0.1609916090965271, "train/clip_range": 0.20000000298023224, "train/entropy_loss": -1.8657230138778687, "train/explained_variance": 0.6448649764060974, "train/learning_rate": 0.0003000000142492354, "train/loss": 0.03408120572566986, "train/policy_gradient_loss": -0.011127730831503868, "train/value_loss": 0.15691211819648743}