{"global_step": 1200000, "_timestamp": 1712269778.3367054, "env_stats/badge": 0.0, "env_stats/coord_count": 298.5, "env_stats/deaths": 0.800000011920929, "env_stats/event": 6.5, "env_stats/healr": 0.1755894422531128, "env_stats/hp": 0.7303540706634521, "env_stats/levels": 53632.0, "env_stats/levels_sum": 10.399999618530273, "env_stats/map": 1.2000000476837158, "env_stats/max_map_progress": 2.0, "env_stats/op_highest_lvl": 0.0, "env_stats/op_total_lvl": 166809.0, "env_stats/pcount": 2.4000000953674316, "env_stats/step": 14998.0, "env_stats/total_reward": 220462.5, "env_stats/x": 15.0, "env_stats/y": 15.5, "rollout/exploration_rate": 0.715035617351532, "time/fps": 1822.0, "train/learning_rate": 9.999999747378752e-05, "train/loss": 0.0012981034815311432, "trajectory_image": {"_type": "images/separated", "width": 800, "height": 72, "format": "png", "count": 1, "filenames": ["media/images/trajectory_image_7_bfe5bfb1d42caed7fb40.png"]}, "_runtime": 659.3105463981628, "_step": 7, "_wandb": {"runtime": 748}}