{"global_step": 39900000, "_timestamp": 1712296729.2638578, "env_stats/badge": 0.0, "env_stats/coord_count": 234.60000610351562, "env_stats/deaths": 0.0, "env_stats/event": 0.0, "env_stats/healr": 0.0, "env_stats/hp": 0.9236842393875122, "env_stats/levels": 53632.0, "env_stats/levels_sum": 6.300000190734863, "env_stats/map": 33.29999923706055, "env_stats/max_map_progress": 1.2999999523162842, "env_stats/op_highest_lvl": 0.0, "env_stats/op_total_lvl": 166809.0, "env_stats/pcount": 1.100000023841858, "env_stats/step": 14998.0, "env_stats/total_reward": 220452.734375, "env_stats/x": 7.199999809265137, "env_stats/y": 9.5, "rollout/exploration_rate": 0.05000000074505806, "time/fps": 1689.0, "train/learning_rate": 9.999999747378752e-05, "train/loss": 0.0010158466175198555, "trajectory_image": {"_type": "images/separated", "width": 800, "height": 72, "format": "png", "count": 1, "filenames": ["media/images/trajectory_image_265_ca8a620f42ce9d3fc448.png"]}, "_runtime": 23610.50422692299, "_step": 265, "_wandb": {"runtime": 23671}}