{"global_step": 22082500, "_timestamp": 1711166993.4999616, "env_stats/badge": 0.0, "env_stats/coord_count": 1452.1817626953125, "env_stats/deaths": 0.7272727489471436, "env_stats/event": 18.545454025268555, "env_stats/healr": 0.047100286930799484, "env_stats/hp": 0.7743303179740906, "env_stats/levels_sum": 10.727272987365723, "env_stats/map": 30.090909957885742, "env_stats/max_map_progress": 5.0, "env_stats/pcount": 2.0, "env_stats/step": 27498.0, "env_stats/x": 18.81818199157715, "env_stats/y": 12.181818008422852, "time/fps": 1769.0, "trajectory_image": {"_type": "images/separated", "width": 880, "height": 72, "format": "png", "count": 1, "filenames": ["media/images/trajectory_image_72_d67c46a83c7573c90fad.png"]}, "_runtime": 12486.806554555893, "_step": 72, "train/approx_kl": 0.05057748407125473, "train/clip_fraction": 0.2002929300069809, "train/clip_range": 0.20000000298023224, "train/entropy_loss": -0.9632053971290588, "train/explained_variance": 0.9881231784820557, "train/learning_rate": 0.0003000000142492354, "train/loss": 0.08744654804468155, "train/policy_gradient_loss": 0.02569214627146721, "train/value_loss": 0.43864110112190247, "_wandb": {"runtime": 12507}}