{"global_step": 30135000, "_timestamp": 1711515421.8427067, "env_stats/badge": 0.0, "env_stats/coord_count": 1724.0714111328125, "env_stats/deaths": 0.8571428656578064, "env_stats/event": 19.964284896850586, "env_stats/healr": 0.019911635667085648, "env_stats/hp": 0.9935064911842346, "env_stats/levels_sum": 6.4285712242126465, "env_stats/map": 28.5, "env_stats/max_map_progress": 5.0, "env_stats/pcount": 1.0, "env_stats/step": 17498.0, "env_stats/total_reward": 217322.265625, "env_stats/x": 3.0, "env_stats/y": 15.5, "time/fps": 1951.0, "trajectory_image": {"_type": "images/separated", "width": 1120, "height": 72, "format": "png", "count": 1, "filenames": ["media/images/trajectory_image_122_bf3f69eaf44a69cf942f.png"]}, "_runtime": 15443.53715968132, "_step": 122, "train/approx_kl": 0.024518663063645363, "train/clip_fraction": 0.1769840568304062, "train/clip_range": 0.20000000298023224, "train/entropy_loss": -1.1911725997924805, "train/explained_variance": 0.9951098561286926, "train/learning_rate": 0.0003000000142492354, "train/loss": 0.10918274521827698, "train/policy_gradient_loss": -0.011570705100893974, "train/value_loss": 0.28477418422698975, "_wandb": {"runtime": 15466}}