{"global_step": 40278000, "_timestamp": 1712596314.4834514, "env_stats/badge": 0.0, "env_stats/coord_count": 2329.428466796875, "env_stats/deaths": 2.857142925262451, "env_stats/event": 25.0, "env_stats/healr": 0.6140525937080383, "env_stats/hp": 1.0, "env_stats/levels": 53632.0, "env_stats/levels_sum": 7.5, "env_stats/map": 40.71428680419922, "env_stats/max_map_progress": 6.9285712242126465, "env_stats/op_highest_lvl": 5.75, "env_stats/op_total_lvl": 166809.0, "env_stats/pcount": 1.0714285373687744, "env_stats/step": 20998.0, "env_stats/total_reward": 220588.4375, "env_stats/x": 10.785714149475098, "env_stats/y": 27.14285659790039, "time/fps": 2031.0, "trajectory_image": {"_type": "images/separated", "width": 1120, "height": 72, "format": "png", "count": 1, "filenames": ["media/images/trajectory_image_136_d86a7bb7d627510a9917.png"]}, "_runtime": 19827.31478047371, "_step": 136, "train/approx_kl": 0.04887155070900917, "train/clip_fraction": 0.17177604138851166, "train/clip_range": 0.20000000298023224, "train/entropy_loss": -0.8144141435623169, "train/explained_variance": 0.9947739243507385, "train/learning_rate": 0.0003000000142492354, "train/loss": 0.0018743304535746574, "train/policy_gradient_loss": -0.0028317079413682222, "train/value_loss": 0.06267525255680084, "_wandb": {"runtime": 19851}}