{"global_step": 39900000, "_timestamp": 1712557213.6696668, "env_stats/badge": 0.0, "env_stats/coord_count": 454.20001220703125, "env_stats/deaths": 0.8999999761581421, "env_stats/event": 0.0, "env_stats/healr": 0.0, "env_stats/hp": 0.800000011920929, "env_stats/levels": 53632.0, "env_stats/levels_sum": 6.0, "env_stats/map": 24.399999618530273, "env_stats/max_map_progress": 4.0, "env_stats/op_highest_lvl": 2.799999952316284, "env_stats/op_total_lvl": 166809.0, "env_stats/pcount": 1.0, "env_stats/step": 14998.0, "env_stats/total_reward": 220465.609375, "env_stats/x": 23.200000762939453, "env_stats/y": 7.900000095367432, "rollout/exploration_rate": 0.05000000074505806, "time/fps": 1865.0, "train/learning_rate": 9.999999747378752e-05, "train/loss": 0.00513612013310194, "trajectory_image": {"_type": "images/separated", "width": 800, "height": 72, "format": "png", "count": 1, "filenames": ["media/images/trajectory_image_265_d8ab7310ef45c424d523.png"]}, "_runtime": 21385.0809776783, "_step": 265, "_wandb": {"runtime": 21449}}