{"global_step": 30135000, "_timestamp": 1711604398.891443, "env_stats/badge": 0.0, "env_stats/coord_count": 2001.0, "env_stats/deaths": 1.7142857313156128, "env_stats/event": 30.0, "env_stats/healr": 0.26030218601226807, "env_stats/hp": 0.9277864694595337, "env_stats/levels": 2.5714285373687744, "env_stats/levels_sum": 8.142857551574707, "env_stats/map": 27.214284896850586, "env_stats/max_map_progress": 5.785714149475098, "env_stats/op_highest_lvl": 3.4800000190734863, "env_stats/op_total_lvl": 200170.796875, "env_stats/pcount": 1.0, "env_stats/step": 17498.0, "env_stats/total_reward": 200446.46875, "env_stats/x": 11.714285850524902, "env_stats/y": 15.857142448425293, "time/fps": 1666.0, "trajectory_image": {"_type": "images/separated", "width": 1120, "height": 72, "format": "png", "count": 1, "filenames": ["media/images/trajectory_image_122_b160afd2b874bcc7a758.png"]}, "_runtime": 18081.74032306671, "_step": 122, "train/approx_kl": 0.04964667186141014, "train/clip_fraction": 0.2465907782316208, "train/clip_range": 0.20000000298023224, "train/entropy_loss": -0.7607812285423279, "train/explained_variance": 0.9926180243492126, "train/learning_rate": 0.0003000000142492354, "train/loss": 0.43052512407302856, "train/policy_gradient_loss": -0.016120757907629013, "train/value_loss": 0.14172546565532684, "_wandb": {"runtime": 18109}}